feature,coef,abs_coef,direction
f_0,0.010318107071371778,0.010318107071371778,↑ increases RED risk
f_3,-0.009326074631149556,0.009326074631149556,↓ decreases RED risk
f_69,0.005429554305894613,0.005429554305894613,↑ increases RED risk
f_82,0.004744541314912209,0.004744541314912209,↑ increases RED risk
f_81,0.00450105716939898,0.00450105716939898,↑ increases RED risk
f_75,-0.003343183043797243,0.003343183043797243,↓ decreases RED risk
f_57,0.0024624053198343356,0.0024624053198343356,↑ increases RED risk
f_72,0.0023769239817311174,0.0023769239817311174,↑ increases RED risk
f_77,-0.002288104970293328,0.002288104970293328,↓ decreases RED risk
f_8,-0.001972514639576737,0.001972514639576737,↓ decreases RED risk
f_9,0.0018475622591417205,0.0018475622591417205,↑ increases RED risk
f_83,0.0017787417337202791,0.0017787417337202791,↑ increases RED risk
f_56,0.0017152267221388856,0.0017152267221388856,↑ increases RED risk
f_54,0.0016215133024351782,0.0016215133024351782,↑ increases RED risk
f_26,0.0015149510842593003,0.0015149510842593003,↑ increases RED risk
f_44,-0.0014024166211615403,0.0014024166211615403,↓ decreases RED risk
f_11,0.001292454193415571,0.001292454193415571,↑ increases RED risk
f_71,-0.0012455521690108641,0.0012455521690108641,↓ decreases RED risk
f_67,0.001120861284095344,0.001120861284095344,↑ increases RED risk
f_74,0.0011158168649021258,0.0011158168649021258,↑ increases RED risk
f_37,-0.0010587807604480826,0.0010587807604480826,↓ decreases RED risk
f_53,-0.0010358501819667679,0.0010358501819667679,↓ decreases RED risk
f_70,-0.0009685086104120681,0.0009685086104120681,↓ decreases RED risk
f_65,0.0009195127286839275,0.0009195127286839275,↑ increases RED risk
f_19,-0.0008928892251596325,0.0008928892251596325,↓ decreases RED risk
f_28,-0.0008844446834294917,0.0008844446834294917,↓ decreases RED risk
f_49,-0.0008232413613198762,0.0008232413613198762,↓ decreases RED risk
f_6,-0.0007133496711389907,0.0007133496711389907,↓ decreases RED risk
f_51,0.000709397265595453,0.000709397265595453,↑ increases RED risk
f_73,-0.0006647194195446499,0.0006647194195446499,↓ decreases RED risk
