ncm_code,n,red,red_rate,wilson_lb
38220090,3494,138,0.03949627933600458,0.03352744388574428
22072000,3556,128,0.0359955005624297,0.030356441017597827
22071000,3520,115,0.032670454545454544,0.027288199510269864
85444200,3536,93,0.026300904977375566,0.021518143411618944
40169990,3586,86,0.023982152816508645,0.01946084340632417
