transport_mode_pt,n,red,red_rate,wilson_lb
AEREA,43484,1062,0.024422776193542453,0.023013402857688752
MARITIMA,52245,934,0.017877308833381185,0.0167760122186639
POSTAL,579,12,0.02072538860103627,0.011894691371089911
RODOVIARIA,2179,34,0.015603487838458009,0.011187303583424549
FERROVIARIA,89,1,0.011235955056179775,0.0019861320934023673
