consignee_company_size,n,red,red_rate,wilson_lb
EMPRESA DE PEQUENO PORTE,3780,104,0.027513227513227514,0.022758924125852807
DEMAIS,94468,1928,0.020409027395520175,0.01952666768115384
MICRO EMPRESA,452,12,0.02654867256637168,0.015250813089913879
